,PITCH,PITCHER,RELSPEED
0,CH,"Abreu, Albert",86.27755
1,CH,"Alcala, Jorge",87.19181
2,CH,"Allard, Kolby",83.93172333333332
3,CH,"Alvarez, Jose",80.53309
4,CH,"Andriese, Matt",86.22890041666666
5,CH,"Bassitt, Chris",86.23139888888889
6,CH,"Bedrosian, Cam",85.44867666666666
7,CH,"Benjamin, Wes",84.37813750000001
8,CH,"Berrios, Jose",86.416526
9,CH,"Borucki, Ryan",86.00602333333332
10,CH,"Bowden, Ben",82.13593
11,CH,"Boxberger, Bradley",82.137455
12,CH,"Bukauskas, J.B.",88.79349500000001
13,CH,"Burdi, Zack",89.55414333333334
14,CH,"Burnes, Corbin",91.89069111111111
15,CH,"Cabrera, Asdrubal",72.47468933333333
16,CH,"Cahill, Trevor",82.25812136363636
17,CH,"Cease, Dylan",80.28007166666667
18,CH,"Cishek, Steven",87.57405
19,CH,"Clarke, Taylor",89.343796
20,CH,"Cobb, Alexander",87.63565315789474
21,CH,"Cody, Kyle",87.43109000000001
22,CH,"Cole, Gerrit",89.08049500000001
23,CH,"Crichton, Stefan",88.73908
24,CH,"Crismatt, Nabil",81.9588309090909
25,CH,"Crochet, Garrett",91.65655
26,CH,"Cronenworth, Jake",86.92152
27,CH,"Darvish, Yu",89.65973785714286
28,CH,"De Leon, Jose",84.27659173913044
29,CH,"DeSclafani, Anthony",87.91513428571429
30,CH,"Devenski, Christopher",80.86812714285715
31,CH,"Dobnak, Randy",85.8482525
32,CH,"Dolis, Rafael",85.59085166666667
33,CH,"Dunning, Dane",84.4121032
34,CH,"Emanuel, Kent",85.0295
35,CH,"Eovaldi, Nathan",88.80154846153846
36,CH,"Estevez, Carlos",85.62395
37,CH,"Fleming, Josh",80.86180066666667
38,CH,"Flexen, Christopher",82.62225314285713
39,CH,"Foltynewicz, Mike",86.40745125000001
40,CH,"Foster, Matt",84.202838
41,CH,"Fulmer, Carson",87.2998625
42,CH,"Gallen, Zac",87.52471272727273
43,CH,"Garcia, Jarlin",85.91553499999999
44,CH,"Gausman, Kevin",84.33880928571429
45,CH,"Gibson, Kyle",84.38792
46,CH,"Giolito, Lucas",81.35712666666667
47,CH,"Givens, Mychal",83.62583000000001
48,CH,"Glasnow, Tyler",91.4899
49,CH,"Gomber, Austin",83.65384999999999
50,CH,"Gonzales, Marco",80.14144611111111
51,CH,"Graveman, Kendall",89.25923
52,CH,"Gray, Jonathan",85.43854
53,CH,"Guerra, Junior",84.9037575
54,CH,"Happ, J A",87.19817466666667
55,CH,"Hearn, Taylor",85.329178
56,CH,"Heuer, Codi",87.73639875
57,CH,"Hill, Richard",85.58436
58,CH,"Hill, Tim",86.09315000000001
59,CH,"Honeywell Jr, Brent",85.77560375
60,CH,"Iglesias, Raisel",89.55664999999999
61,CH,"Kela, Keone",87.04169999999999
62,CH,"Kelly, Merrill",86.44330846153846
63,CH,"Kennedy, Ian",86.86874999999999
64,CH,"Kikuchi, Yusei",87.93008222222223
65,CH,"King, John",78.87993
66,CH,"Kinley, Tyler",87.45626
67,CH,"Kluber, Corey",83.979985
68,CH,"Kremer, Dean",83.69514333333333
69,CH,"LeBlanc, Wade",82.74426
70,CH,"Littell, Zack",85.12639
71,CH,"Lopez, Jorge",89.669703
72,CH,"Lyles, Jordan",85.823584
73,CH,"Maeda, Kenta",84.60369133333333
74,CH,"Mahle, Tyler",86.94093714285714
75,CH,"Marshall, Evan",87.95499000000001
76,CH,"Mathisen, Wyatt",48.84795166666667
77,CH,"McClanahan, Shane",89.57667857142857
78,CH,"McCullers, Lance",85.8522409375
79,CH,"Mercedes, Yermin",76.9824324137931
80,CH,"Middleton, Keynan",84.4282
81,CH,"Milone, Tommy",76.649102
82,CH,"Montero, Rafael",89.39068333333334
83,CH,"Montgomery, Jordan",82.83227733333334
84,CH,"Morejon, Adrian",85.09165461538463
85,CH,"Moronta, Reyes",87.5829375
86,CH,"Nelson, Nick",89.23243500000001
87,CH,"Newsome, Ljay",85.9180040909091
88,CH,"Northcraft, Aaron",83.49311333333333
89,CH,"Paddack, Chris",84.49617069444444
90,CH,"Pagan, Emilio",88.21127
91,CH,"Patino, Luis",88.22015
92,CH,"Peacock, Matt",85.31582
93,CH,"Perez, Cionel",89.263755
94,CH,"Perez, Martin",85.50631140845071
95,CH,"Petit, Yusmeiro",79.756328
96,CH,"Phelps, David",86.5094025
97,CH,"Pineda, Michael",85.413378
98,CH,"Pivetta, Nick",88.55659
99,CH,"Price, David",86.27643
100,CH,"Quintana, Jose",86.6295025
101,CH,"Ramirez, Nick",79.65684869565217
102,CH,"Reed, Cody",90.75522
103,CH,"Richards, Trevor",85.31243741935484
104,CH,"Roark, Tanner",82.827166
105,CH,"Robles, Hansel",89.72702000000001
106,CH,"Rodriguez, Christopher",90.0544975
107,CH,"Rodriguez, Eduardo",87.225126875
108,CH,"Rodriguez, Joely",88.56391363636364
109,CH,"Ruiz, Jose",89.88773499999999
110,CH,"Ryu, Hyun-Jin",77.52167555555555
111,CH,"Sanchez, Aaron",87.15471692307693
112,CH,"Santana, Dennis",86.803642
113,CH,"Santana, Ervin",85.26761
114,CH,"Senzatela, Antonio",84.86567785714286
115,CH,"Sheffield, Jordan",91.11747833333334
116,CH,"Shoemaker, Matthew",85.32224181818182
117,CH,"Singer, Brady",88.02372
118,CH,"Smeltzer, Devin",79.21809576923077
119,CH,"Smith, Caleb",81.71928
120,CH,"Smith, Riley",86.680195
121,CH,"Snell, Blake",89.07893733333333
122,CH,"Springs, Jeffrey",83.27453166666668
123,CH,"Stammen, Craig",86.16843
124,CH,"Steckenrider, Drew",86.95647166666667
125,CH,"Stephenson, Robert",87.21924
126,CH,"Sulser, Cole",82.86541333333334
127,CH,"Tate, Dillon",84.14497999999999
128,CH,"Thornton, Trent",82.306555
129,CH,"Trivino, Lou",88.00278
130,CH,"Underwood Jr., Duane",86.128148
131,CH,"Valdez, Cesar",78.55283611111112
132,CH,"Valdez, Phillips",84.70672653846154
133,CH,"Vest, Will",84.497281875
134,CH,"Wacha, Michael",87.01561045454545
135,CH,"Waddell, Brandon",86.24642
136,CH,"Watson, Tony",85.730142
137,CH,"Weathers, Ryan",84.60523
138,CH,"Weaver, Luke",85.42972348837209
139,CH,"Webb, Logan",86.16777294117647
140,CH,"Wells, Tyler",88.261575
141,CH,"Whitlock, Garrett",82.27105694444444
142,CH,"Widener, Taylor",86.60569088235295
143,CH,"Yarbrough, Ryan",78.29812369230768
144,CH,"Young, Alex",86.08172666666665
145,CH,"Zimmermann, Bruce",85.06742285714286
146,CH,"Zuber, Tyler",85.88796
147,CU,"Abreu, Albert",81.55469
148,CU,"Allard, Kolby",77.02792444444444
149,CU,"Andriese, Matt",80.35205571428571
150,CU,"Antone, Tejay",80.79904466666667
151,CU,"Barnes, Matt",85.53301098039216
152,CU,"Bassitt, Chris",73.05124666666667
153,CU,"Bauer, Trevor",80.50467952380953
154,CU,"Benjamin, Wes",79.29059444444445
155,CU,"Berrios, Jose",83.70401217391304
156,CU,"Brice, Austin",81.94778500000001
157,CU,"Buehler, Walker",80.72932449999999
158,CU,"Bumgarner, Madison",78.86382375
159,CU,"Burnes, Corbin",82.08329
160,CU,"Bush, Matt",79.92136
161,CU,"Cabrera, Asdrubal",70.2834
162,CU,"Cahill, Trevor",78.18146533333334
163,CU,"Castro, Anthony",84.136365
164,CU,"Cease, Dylan",76.92771625
165,CU,"Chatwood, Tyler",81.014965
166,CU,"Cishek, Steven",73.99268000000001
167,CU,"Clarke, Taylor",79.50939
168,CU,"Cobb, Alexander",82.99856
169,CU,"Cole, Gerrit",82.61440428571429
170,CU,"Crichton, Stefan",77.84730142857143
171,CU,"Crismatt, Nabil",70.4051525
172,CU,"Darvish, Yu",76.54091279069767
173,CU,"Davis, Wade",81.78347333333333
174,CU,"De Geus, Brett",82.09295142857142
175,CU,"De Leon, Jose",78.08504181818182
176,CU,"DeSclafani, Anthony",84.28499214285715
177,CU,"Devenski, Christopher",75.0903025
178,CU,"Duffey, Tyler",81.37871235294118
179,CU,"Dunning, Dane",79.668668
180,CU,"Eovaldi, Nathan",78.51327315789473
181,CU,"Flexen, Christopher",75.85894307692307
182,CU,"Foltynewicz, Mike",80.82388666666667
183,CU,"Fulmer, Carson",81.76585714285714
184,CU,"Gallen, Zac",80.83123214285715
185,CU,"Gibson, Kyle",79.28398
186,CU,"Glasnow, Tyler",83.82337206896551
187,CU,"Gomber, Austin",74.81012388888888
188,CU,"Gonzales, Marco",75.49424444444445
189,CU,"Gray, Jonathan",73.42267
190,CU,"Green, Chad",82.85837599999999
191,CU,"Guerra, Junior",81.66640500000001
192,CU,"Hernandez, Darwinzon",82.136565
193,CU,"Hill, Richard",73.03839385542169
194,CU,"Kela, Keone",82.00189152173914
195,CU,"Kelly, Merrill",81.79677357142857
196,CU,"Kennedy, Ian",79.68885499999999
197,CU,"Kershaw, Clayton",75.26874666666666
198,CU,"King, John",81.666445
199,CU,"Knebel, Corey",80.79163461538461
200,CU,"Kopech, Michael",79.54818
201,CU,"Kremer, Dean",75.97725176470588
202,CU,"LeBlanc, Wade",75.10061666666667
203,CU,"Lopez, Jorge",82.75566318181818
204,CU,"Luetge, Lucas",75.44668875
205,CU,"Lyles, Jordan",80.35372714285714
206,CU,"Maeda, Kenta",75.76425
207,CU,"Margevicius, Nicholas",70.4640225
208,CU,"Marshall, Evan",80.07748
209,CU,"Martin, Brett",81.67482333333334
210,CU,"Mathisen, Wyatt",51.96611
211,CU,"McClanahan, Shane",84.02436
212,CU,"McCullers, Lance",84.56464647058823
213,CU,"McHugh, Collin",74.609282
214,CU,"Melancon, Mark",82.34524499999999
215,CU,"Mercedes, Yermin",65.84451
216,CU,"Milone, Tommy",73.192999
217,CU,"Montgomery, Jordan",79.84611875
218,CU,"Morejon, Adrian",79.4174276923077
219,CU,"Nelson, Jimmy",85.233405
220,CU,"Newsome, Ljay",76.58117611111112
221,CU,"Ottavino, Adam",78.65276
222,CU,"Paddack, Chris",77.803775
223,CU,"Perez, Cionel",78.25915
224,CU,"Perez, Martin",78.5325881081081
225,CU,"Petit, Yusmeiro",74.18789
226,CU,"Phelps, David",81.73132818181818
227,CU,"Pivetta, Nick",79.31244875
228,CU,"Plutko, Adam",78.23463571428572
229,CU,"Pomeranz, Drew",84.46387041666667
230,CU,"Quintana, Jose",79.04322416666666
231,CU,"Richards, Garrett",80.04264315789474
232,CU,"Richards, Trevor",82.80119833333333
233,CU,"Roark, Tanner",73.31388187499999
234,CU,"Rodriguez, Christopher",84.06674555555554
235,CU,"Rogers, Taylor",81.83951
236,CU,"Ruiz, Jose",84.41012217391304
237,CU,"Ryu, Hyun-Jin",72.76170400000001
238,CU,"Sadler, Casey",79.32898071428572
239,CU,"Sanchez, Aaron",74.939525
240,CU,"Sborz, Josh",82.171335
241,CU,"Scrubb, Andre",81.50830555555555
242,CU,"Senzatela, Antonio",76.542565
243,CU,"Sims, Luke",80.38858
244,CU,"Smeltzer, Devin",72.99977
245,CU,"Smith, Caleb",78.649528
246,CU,"Smith, Riley",79.906955
247,CU,"Snell, Blake",78.43623276595744
248,CU,"Soria, Joakim",74.626025
249,CU,"Stammen, Craig",80.3185361111111
250,CU,"Stephenson, Robert",81.44923857142858
251,CU,"Taylor, Josh",79.10361
252,CU,"Thielbar, Caleb",71.20468666666666
253,CU,"Thornton, Trent",78.930442
254,CU,"Trivino, Lou",79.668205
255,CU,"Underwood Jr., Duane",78.65341
256,CU,"Wacha, Michael",76.42804000000001
257,CU,"Webb, Logan",83.26118916666667
258,CU,"Wells, Tyler",78.17482666666668
259,CU,"Whitlock, Garrett",78.97887
260,CU,"Yarbrough, Ryan",67.24613
261,CU,"Young, Alex",82.85612875
262,CU,"Zimmermann, Bruce",82.16588555555556
263,CU,"Zuber, Tyler",80.96498799999999
264,FA,"Abreu, Albert",98.738028
265,FA,"Adams, Austin",94.99845857142857
266,FA,"Alcala, Jorge",97.43175095238095
267,FA,"Allard, Kolby",91.92050918032787
268,FA,"Altavilla, Dan",96.31453300000001
269,FA,"Alvarez, Jose",91.30562
270,FA,"Andriese, Matt",92.28635826086956
271,FA,"Antone, Tejay",98.10382818181819
272,FA,"Baragar, Caleb",93.79238352941177
273,FA,"Barnes, Matt",95.93101357142857
274,FA,"Bassitt, Chris",94.28391333333333
275,FA,"Bauer, Trevor",94.84398225
276,FA,"Bedrosian, Cam",93.0333445
277,FA,"Benjamin, Wes",91.99390341463415
278,FA,"Berrios, Jose",94.00352611111111
279,FA,"Borucki, Ryan",96.1810315625
280,FA,"Bowden, Ben",93.36470777777778
281,FA,"Boxberger, Bradley",93.44066833333333
282,FA,"Brice, Austin",92.69171695652174
283,FA,"Buehler, Walker",95.41002384615385
284,FA,"Bukauskas, J.B.",94.924971
285,FA,"Bumgarner, Madison",91.351126875
286,FA,"Burdi, Zack",95.95017555555555
287,FA,"Burnes, Corbin",96.71373333333334
288,FA,"Bush, Matt",95.1751057142857
289,FA,"Cabrera, Asdrubal",58.55041
290,FA,"Cahill, Trevor",90.57186
291,FA,"Castillo, Diego",96.34279
292,FA,"Cease, Dylan",95.54133291666666
293,FA,"Cessa, Luis",93.7197
294,FA,"Chapman, Aroldis",99.77579125
295,FA,"Cishek, Steven",89.15615
296,FA,"Clarke, Taylor",95.4103090909091
297,FA,"Cody, Kyle",96.34506
298,FA,"Cole, Gerrit",97.31393205128205
299,FA,"Colome, Alexander",94.5406390909091
300,FA,"Crichton, Stefan",91.84101333333332
301,FA,"Crismatt, Nabil",87.33335600000001
302,FA,"Crochet, Garrett",94.9530788888889
303,FA,"Cronenworth, Jake",88.28179750000001
304,FA,"Darvish, Yu",94.47074625
305,FA,"Davis, Wade",91.84785636363637
306,FA,"De Geus, Brett",94.53755
307,FA,"De Leon, Jose",93.43337837209303
308,FA,"DeSclafani, Anthony",94.31364185185186
309,FA,"Devenski, Christopher",92.277259
310,FA,"Diekman, Jacob",94.939847
311,FA,"Dolis, Rafael",94.20335588235294
312,FA,"Doolittle, Sean",93.42716583333333
313,FA,"Doval, Camilo",99.44845333333335
314,FA,"Duffey, Tyler",93.33655090909092
315,FA,"Dunning, Dane",88.143614
316,FA,"Eovaldi, Nathan",97.50483595890411
317,FA,"Estevez, Carlos",96.11232666666666
318,FA,"Fairbanks, Peter",98.11768
319,FA,"Flexen, Christopher",92.70989263157895
320,FA,"Foltynewicz, Mike",94.79627654867257
321,FA,"Foster, Matt",93.4086975
322,FA,"Fry, Paul",94.08331
323,FA,"Fulmer, Carson",93.55163777777778
324,FA,"Gallen, Zac",94.18158827586207
325,FA,"Garcia, Jarlin",93.8657
326,FA,"Garrett, Amir",95.42102
327,FA,"Gausman, Kevin",95.27679608695652
328,FA,"Gibson, Kyle",93.03780499999999
329,FA,"Gilbreath, Lucas",94.90816333333333
330,FA,"Ginkel, Kevin",95.26357
331,FA,"Giolito, Lucas",93.37424172413793
332,FA,"Givens, Mychal",93.90462
333,FA,"Glasnow, Tyler",97.42213651785714
334,FA,"Gomber, Austin",92.19384777777778
335,FA,"Gonzales, Marco",88.67760916666667
336,FA,"Gonzalez, Victor",93.5194975
337,FA,"Gray, Jonathan",94.56978395833333
338,FA,"Green, Chad",95.02702541666667
339,FA,"Guerra, Junior",93.38203250000001
340,FA,"Happ, J A",89.847642
341,FA,"Head, Louis",94.24290043478261
342,FA,"Hearn, Taylor",96.09105088235295
343,FA,"Hendriks, Liam",96.73758857142856
344,FA,"Hernandez, Darwinzon",95.1643756
345,FA,"Heuer, Codi",96.13181052631579
346,FA,"Hill, Richard",89.30121462962963
347,FA,"Hill, Tim",91.6140825
348,FA,"Honeywell Jr, Brent",94.857285
349,FA,"Houck, Tanner",94.763294
350,FA,"Iglesias, Raisel",97.6508757142857
351,FA,"Jansen, Kenley",94.51588666666667
352,FA,"Johnson, Pierce",96.100205
353,FA,"Kela, Keone",95.24158432432432
354,FA,"Kelly, Merrill",92.19379589743589
355,FA,"Kennedy, Ian",94.01504999999999
356,FA,"Kershaw, Clayton",91.54748707317073
357,FA,"Kikuchi, Yusei",94.441041
358,FA,"King, John",92.499622
359,FA,"Kinley, Tyler",94.87102499999999
360,FA,"Kittredge, Andrew",94.3333988888889
361,FA,"Kluber, Corey",90.2951875
362,FA,"Knebel, Corey",96.68196571428572
363,FA,"Kopech, Michael",95.87700884615384
364,FA,"Kremer, Dean",92.8068544117647
365,FA,"LeBlanc, Wade",87.47262
366,FA,"Littell, Zack",95.039897
367,FA,"Lopez, Jorge",95.88369809523809
368,FA,"Lopez, Yoan",96.19267375
369,FA,"Luetge, Lucas",89.54066833333334
370,FA,"Lyles, Jordan",93.03585789915965
371,FA,"Maeda, Kenta",90.90563857142857
372,FA,"Mahle, Tyler",95.31408346938775
373,FA,"Margevicius, Nicholas",88.93111846153846
374,FA,"Marshall, Evan",92.45716666666668
375,FA,"Martin, Brett",93.30350642857142
376,FA,"Mayers, Mike",93.807844
377,FA,"Mayza, Tim",92.43408500000001
378,FA,"McClanahan, Shane",97.6001944
379,FA,"McCullers, Lance",92.55046
380,FA,"McGee, Jacob",95.03491766666666
381,FA,"McHugh, Collin",90.68899181818182
382,FA,"Melancon, Mark",92.02914
383,FA,"Mendick, Daniel",61.77082
384,FA,"Mercedes, Yermin",87.84226000000001
385,FA,"Middleton, Keynan",95.53838545454546
386,FA,"Milone, Tommy",84.47836970588234
387,FA,"Montero, Rafael",95.25606
388,FA,"Montgomery, Jordan",91.74313888888888
389,FA,"Morejon, Adrian",96.69991379310345
390,FA,"Moronta, Reyes",94.48290333333334
391,FA,"Nelson, Jimmy",94.35063299999999
392,FA,"Nelson, Nick",96.04876833333333
393,FA,"Newsome, Ljay",92.74122479166665
394,FA,"Northcraft, Aaron",88.29998
395,FA,"O'Day, Darren",85.3066375
396,FA,"Ottavino, Adam",93.53179
397,FA,"Paddack, Chris",94.84953348993288
398,FA,"Pagan, Emilio",95.2361548192771
399,FA,"Patino, Luis",95.01014425531915
400,FA,"Peacock, Matt",93.57573260869565
401,FA,"Peralta, Wandy",96.69590454545455
402,FA,"Perez, Cionel",96.87526428571428
403,FA,"Perez, Martin",93.04455392156862
404,FA,"Petit, Yusmeiro",86.66066000000001
405,FA,"Phelps, David",93.76575391304348
406,FA,"Pineda, Michael",90.52308210084034
407,FA,"Pivetta, Nick",94.53514576923077
408,FA,"Plutko, Adam",91.60339964285716
409,FA,"Pomeranz, Drew",94.50453026315789
410,FA,"Price, David",93.322845
411,FA,"Quintana, Jose",91.45220636363636
412,FA,"Ramirez, Nick",89.11830599999999
413,FA,"Rasmussen, Drew",98.03959090909092
414,FA,"Reed, Cody",93.30038
415,FA,"Richards, Garrett",93.78876869565218
416,FA,"Richards, Trevor",92.83895268292683
417,FA,"Roark, Tanner",91.47859142857143
418,FA,"Robles, Hansel",96.26592846153845
419,FA,"Rodriguez, Christopher",93.64729
420,FA,"Rodriguez, Eduardo",91.92092595744681
421,FA,"Rodriguez, Joely",94.17384666666668
422,FA,"Rodriguez, Richard",92.96946750000001
423,FA,"Ruiz, Jose",96.15407444444445
424,FA,"Ryu, Hyun-Jin",89.95566199999999
425,FA,"Sanchez, Aaron",90.50822428571428
426,FA,"Santana, Dennis",97.03501
427,FA,"Santana, Ervin",93.61105566666667
428,FA,"Sawamura, Hirokazu",95.79117309859154
429,FA,"Sborz, Josh",97.02747846153846
430,FA,"Scrubb, Andre",93.96910714285715
431,FA,"Selman, Sam",91.36722727272728
432,FA,"Senzatela, Antonio",93.08008
433,FA,"Sheffield, Jordan",97.18629533333333
434,FA,"Shoemaker, Matthew",90.84448380952381
435,FA,"Sims, Luke",94.44275222222223
436,FA,"Singer, Brady",93.9225559375
437,FA,"Smeltzer, Devin",85.87857904761904
438,FA,"Smith, Caleb",91.27646697674419
439,FA,"Smith, Riley",92.859421875
440,FA,"Snell, Blake",95.21684832116789
441,FA,"Soria, Joakim",93.91988555555555
442,FA,"Springs, Jeffrey",93.7131375
443,FA,"Stammen, Craig",91.54468888888889
444,FA,"Stashak, Cody",90.94967349999999
445,FA,"Steckenrider, Drew",92.93784772727273
446,FA,"Stephenson, Robert",96.92469454545454
447,FA,"Strickland, Hunter",95.3685748275862
448,FA,"Sulser, Cole",92.77992833333333
449,FA,"Swarzak, Anthony",93.66885666666667
450,FA,"Taylor, Josh",93.54594256410256
451,FA,"Thielbar, Caleb",92.06935666666668
452,FA,"Thompson, Ryan",92.67655666666667
453,FA,"Thornton, Trent",89.57685857142857
454,FA,"Treinen, Blake",99.36898
455,FA,"Trivino, Lou",95.695742
456,FA,"Underwood Jr., Duane",92.14243375
457,FA,"Valdez, Cesar",86.65861
458,FA,"Valdez, Phillips",92.10362047619049
459,FA,"Vest, Will",94.02457333333332
460,FA,"Wacha, Michael",93.3120511111111
461,FA,"Waddell, Brandon",92.4835811111111
462,FA,"Watson, Tony",91.60747333333332
463,FA,"Weathers, Ryan",94.52293052631579
464,FA,"Weaver, Luke",93.64453153225807
465,FA,"Webb, Logan",93.32888666666666
466,FA,"Wells, Tyler",94.22011433333334
467,FA,"Whitlock, Garrett",95.28563390804598
468,FA,"Widener, Taylor",93.06722500000001
469,FA,"Williams, Taylor",95.58661166666667
470,FA,"Wisler, Matthew",92.30341
471,FA,"Yarbrough, Ryan",86.69423358974359
472,FA,"Young, Alex",92.02685857142856
473,FA,"Zimmermann, Bruce",91.89143250000001
474,FA,"Zuber, Tyler",95.502662
475,FC,"Allard, Kolby",86.45326258064516
476,FC,"Bassitt, Chris",89.46352565217391
477,FC,"Bauer, Trevor",85.3468651851852
478,FC,"Buehler, Walker",91.30727421052632
479,FC,"Bumgarner, Madison",86.9864196875
480,FC,"Burnes, Corbin",95.56759576923076
481,FC,"Chatwood, Tyler",89.13912142857143
482,FC,"Colome, Alexander",89.47816533333334
483,FC,"Darvish, Yu",90.44222363636364
484,FC,"Davis, Wade",88.196891875
485,FC,"Dunning, Dane",88.31563
486,FC,"Eovaldi, Nathan",92.84
487,FC,"Flexen, Christopher",89.499964
488,FC,"Fulmer, Carson",86.45734
489,FC,"Gibson, Kyle",89.2484825
490,FC,"Gonzales, Marco",86.07168
491,FC,"Graveman, Kendall",88.39713
492,FC,"Hill, Richard",84.36914444444444
493,FC,"Jansen, Kenley",92.50502111111112
494,FC,"Kennedy, Ian",88.80259
495,FC,"Kikuchi, Yusei",91.3944135
496,FC,"Kluber, Corey",87.74062
497,FC,"LeBlanc, Wade",84.57689
498,FC,"Mahle, Tyler",90.13927
499,FC,"Mayers, Mike",92.423665
500,FC,"Mazza, Chris",88.311326
501,FC,"McCullers, Lance",88.2353588888889
502,FC,"McHugh, Collin",87.6526037037037
503,FC,"Melancon, Mark",92.31213096385542
504,FC,"Montgomery, Jordan",88.62791
505,FC,"Ottavino, Adam",87.67482125000001
506,FC,"Perez, Martin",89.68833677083335
507,FC,"Petit, Yusmeiro",85.7146
508,FC,"Phelps, David",90.682035
509,FC,"Pomeranz, Drew",95.44713
510,FC,"Price, David",90.48187
511,FC,"Ramirez, Nick",87.731954
512,FC,"Roark, Tanner",87.95734285714286
513,FC,"Rodriguez, Eduardo",87.863860625
514,FC,"Ryu, Hyun-Jin",84.67915
515,FC,"Sadler, Casey",87.82211444444445
516,FC,"Thornton, Trent",87.41512833333333
517,FC,"Treinen, Blake",94.20920333333333
518,FC,"Trivino, Lou",93.32436999999999
519,FC,"Wacha, Michael",89.6257504
520,FC,"Weaver, Luke",88.58758666666667
521,FC,"Yarbrough, Ryan",82.38185967741936
522,FC,"Young, Alex",85.09136833333334
523,SI,"Adams, Austin",95.37673000000001
524,SI,"Alcala, Jorge",95.80326
525,SI,"Alexander, Scott",94.664
526,SI,"Alvarez, Jose",90.80185
527,SI,"Bassitt, Chris",94.06974548387097
528,SI,"Berrios, Jose",93.40451125
529,SI,"Brice, Austin",92.71509823529412
530,SI,"Buehler, Walker",95.83841
531,SI,"Burnes, Corbin",96.55053785714287
532,SI,"Cahill, Trevor",89.79441818181819
533,SI,"Castillo, Diego",95.3835962962963
534,SI,"Cessa, Luis",94.18922
535,SI,"Chapman, Aroldis",101.40436
536,SI,"Chatwood, Tyler",94.63112
537,SI,"Cishek, Steven",88.34978000000001
538,SI,"Cobb, Alexander",92.80927518518519
539,SI,"Crichton, Stefan",91.53507607142856
540,SI,"Crismatt, Nabil",88.39873833333333
541,SI,"Cronenworth, Jake",89.52626
542,SI,"Darvish, Yu",94.4129775
543,SI,"Davis, Wade",91.66592
544,SI,"De Geus, Brett",94.033813125
545,SI,"DeSclafani, Anthony",94.39692469387755
546,SI,"Dobnak, Randy",90.64286210526315
547,SI,"Dolis, Rafael",96.01442
548,SI,"Dunning, Dane",91.00175484848485
549,SI,"Emanuel, Kent",93.21138444444445
550,SI,"Fleming, Josh",90.83496448275861
551,SI,"Foltynewicz, Mike",93.82636235294117
552,SI,"Gibson, Kyle",92.70002794117647
553,SI,"Gonzales, Marco",88.471463125
554,SI,"Gonzalez, Victor",94.383646
555,SI,"Graterol, Brusdar",99.556664
556,SI,"Graveman, Kendall",95.365644
557,SI,"Guerra, Junior",93.51720999999999
558,SI,"Happ, J A",88.37929214285714
559,SI,"Hill, Tim",91.15543777777778
560,SI,"Jansen, Kenley",94.53631777777778
561,SI,"Kelly, Merrill",92.35487521739131
562,SI,"King, John",92.98896599999999
563,SI,"Kittredge, Andrew",95.03011458333333
564,SI,"Kluber, Corey",90.9574475
565,SI,"Lawrence, Justin",99.15480884615384
566,SI,"LeBlanc, Wade",88.88965
567,SI,"Lopez, Jorge",95.72815909090909
568,SI,"Lyles, Jordan",91.4589
569,SI,"Maeda, Kenta",90.214625
570,SI,"Marshall, Evan",91.086502
571,SI,"Martin, Brett",93.64028851851852
572,SI,"Mayza, Tim",92.50479
573,SI,"Mazza, Chris",91.68712
574,SI,"McCullers, Lance",93.47647421052632
575,SI,"Montero, Rafael",93.93176461538461
576,SI,"Montgomery, Jordan",92.74948111111111
577,SI,"Morejon, Adrian",96.3930880952381
578,SI,"Northcraft, Aaron",88.84484333333333
579,SI,"O'Day, Darren",84.70435
580,SI,"Ottavino, Adam",94.13987514285714
581,SI,"Patino, Luis",95.46451
582,SI,"Peacock, Matt",93.27577132075473
583,SI,"Perez, Martin",93.57135924242425
584,SI,"Phelps, David",93.89998777777777
585,SI,"Price, David",92.89443625
586,SI,"Quintana, Jose",91.72321600000001
587,SI,"Ramirez, Nick",90.23929857142856
588,SI,"Reed, Cody",93.82731909090909
589,SI,"Richards, Garrett",94.99443555555555
590,SI,"Roark, Tanner",91.78520333333334
591,SI,"Rodriguez, Christopher",96.86287480000001
592,SI,"Rodriguez, Eduardo",92.58182272727272
593,SI,"Rodriguez, Joely",93.99270214285714
594,SI,"Rogers, Taylor",95.367156
595,SI,"Rogers, Tyler",82.44846571428572
596,SI,"Rowen, Benjamin",80.42508333333333
597,SI,"Ruiz, Jose",91.85379
598,SI,"Sadler, Casey",92.298503
599,SI,"Sanchez, Aaron",91.86639684210526
600,SI,"Santana, Dennis",93.54064133333333
601,SI,"Santana, Ervin",92.66406
602,SI,"Sawamura, Hirokazu",92.0420443902439
603,SI,"Shoemaker, Matthew",91.55471916666666
604,SI,"Stammen, Craig",91.62545035714287
605,SI,"Tate, Dillon",94.63953000000001
606,SI,"Taylor, Josh",94.20208176470588
607,SI,"Thompson, Ryan",90.70837999999999
608,SI,"Treinen, Blake",98.582384
609,SI,"Trivino, Lou",96.719308
610,SI,"Underwood Jr., Duane",92.18317
611,SI,"Valdez, Cesar",86.91929
612,SI,"Vest, Will",94.001716
613,SI,"Watson, Tony",90.88274
614,SI,"Webb, Logan",92.75275423076923
615,SI,"Williams, Taylor",95.062704
616,SI,"Wisler, Matthew",91.81574499999999
617,SI,"Yardley, Eric",87.30765583333334
618,SI,"Young, Alex",89.4847425
619,SL,"Abreu, Albert",87.815878
620,SL,"Adams, Austin",87.8292096551724
621,SL,"Alcala, Jorge",88.06427235294119
622,SL,"Alexander, Scott",85.3299
623,SL,"Altavilla, Dan",90.41895857142858
624,SL,"Alvarez, Jose",82.24105333333334
625,SL,"Andriese, Matt",85.89451833333334
626,SL,"Antone, Tejay",83.92671666666666
627,SL,"Baragar, Caleb",83.61351333333333
628,SL,"Bassitt, Chris",75.97557
629,SL,"Bauer, Trevor",80.945288
630,SL,"Bedrosian, Cam",82.91771944444446
631,SL,"Benjamin, Wes",85.80925548387097
632,SL,"Borucki, Ryan",86.68055050000001
633,SL,"Bowden, Ben",80.36177
634,SL,"Boxberger, Bradley",89.5168775
635,SL,"Buehler, Walker",86.34964699999999
636,SL,"Bukauskas, J.B.",86.720465
637,SL,"Burdi, Zack",87.35868727272727
638,SL,"Burnes, Corbin",87.71267615384615
639,SL,"Bush, Matt",86.14862000000001
640,SL,"Cahill, Trevor",84.99102227272728
641,SL,"Castillo, Diego",87.5078753125
642,SL,"Cease, Dylan",85.67006478260869
643,SL,"Cessa, Luis",82.6607675
644,SL,"Chapman, Aroldis",87.616925
645,SL,"Cishek, Steven",75.92200249999999
646,SL,"Clarke, Taylor",87.32279166666666
647,SL,"Cody, Kyle",84.80169
648,SL,"Cole, Gerrit",88.20807043478261
649,SL,"Crick, Kyle",79.059704
650,SL,"Crochet, Garrett",85.08466
651,SL,"Darvish, Yu",84.37756673202614
652,SL,"De Geus, Brett",88.62865333333333
653,SL,"DeSclafani, Anthony",87.97820446428571
654,SL,"Devenski, Christopher",78.911585
655,SL,"Diekman, Jacob",84.16604285714286
656,SL,"Dobnak, Randy",83.77215866666667
657,SL,"Dolis, Rafael",84.11406333333333
658,SL,"Doval, Camilo",86.45597692307692
659,SL,"Duffey, Tyler",85.47121
660,SL,"Dunning, Dane",81.36346023809524
661,SL,"Emanuel, Kent",79.32170166666667
662,SL,"Eovaldi, Nathan",85.31484617021277
663,SL,"Estevez, Carlos",84.13774
664,SL,"Fairbanks, Peter",87.54882666666667
665,SL,"Fleming, Josh",85.9113488888889
666,SL,"Flexen, Christopher",87.6189725
667,SL,"Foltynewicz, Mike",84.03627127272728
668,SL,"Foster, Matt",83.636394
669,SL,"Fry, Paul",85.99105999999999
670,SL,"Gallen, Zac",85.30513125
671,SL,"Garcia, Jarlin",81.269355
672,SL,"Garrett, Amir",84.50809000000001
673,SL,"Gausman, Kevin",81.61898461538462
674,SL,"Gibson, Kyle",84.41359347826086
675,SL,"Gilbreath, Lucas",81.54567
676,SL,"Ginkel, Kevin",84.020739
677,SL,"Giolito, Lucas",86.029687
678,SL,"Givens, Mychal",83.82955000000001
679,SL,"Glasnow, Tyler",87.99365392857143
680,SL,"Gomber, Austin",84.72768545454545
681,SL,"Gonzales, Marco",79.35757
682,SL,"Gonzalez, Victor",84.00135
683,SL,"Graterol, Brusdar",88.252673
684,SL,"Gray, Jonathan",86.96606879999999
685,SL,"Happ, J A",83.7369361111111
686,SL,"Head, Louis",84.13541611111111
687,SL,"Hearn, Taylor",83.51762789473685
688,SL,"Hendriks, Liam",90.12463
689,SL,"Hernandez, Darwinzon",84.056935
690,SL,"Heuer, Codi",87.046204
691,SL,"Hill, Tim",84.05524551724137
692,SL,"Honeywell Jr, Brent",87.37044666666667
693,SL,"Houck, Tanner",84.289619
694,SL,"Iglesias, Raisel",86.26561333333332
695,SL,"Jansen, Kenley",83.380926
696,SL,"Johnson, Pierce",84.45996567567568
697,SL,"Kennedy, Ian",88.54681
698,SL,"Kershaw, Clayton",88.36967095238094
699,SL,"Kikuchi, Yusei",83.86833717948718
700,SL,"King, John",80.80301
701,SL,"Kinley, Tyler",90.08917
702,SL,"Kittredge, Andrew",88.504721
703,SL,"Kluber, Corey",82.09975666666668
704,SL,"Kopech, Michael",84.06120818181817
705,SL,"Kremer, Dean",87.44970516129032
706,SL,"Lawrence, Justin",82.60168444444444
707,SL,"Littell, Zack",85.4958625
708,SL,"Lopez, Yoan",87.00052461538462
709,SL,"Luetge, Lucas",83.45777566666668
710,SL,"Lyles, Jordan",84.9911534920635
711,SL,"Maeda, Kenta",83.44158789473684
712,SL,"Mahle, Tyler",87.36199857142857
713,SL,"Margevicius, Nicholas",83.61315
714,SL,"Marshall, Evan",82.51699166666667
715,SL,"Martin, Brett",86.87382333333333
716,SL,"Mayers, Mike",86.28011
717,SL,"Mayza, Tim",86.54073692307692
718,SL,"Mazza, Chris",81.19182
719,SL,"McClanahan, Shane",89.86536545454545
720,SL,"McCullers, Lance",86.18231833333334
721,SL,"McGee, Jacob",81.15916
722,SL,"McHugh, Collin",79.59447653846154
723,SL,"Middleton, Keynan",84.60577
724,SL,"Milone, Tommy",78.52331666666667
725,SL,"Montero, Rafael",84.06037571428571
726,SL,"Montgomery, Jordan",85.55228
727,SL,"Morejon, Adrian",85.7518975
728,SL,"Moronta, Reyes",80.87977928571429
729,SL,"Nelson, Jimmy",86.620155
730,SL,"Nelson, Nick",86.67328
731,SL,"Newsome, Ljay",78.081304
732,SL,"Northcraft, Aaron",81.71617333333334
733,SL,"O'Day, Darren",78.81234
734,SL,"Ottavino, Adam",80.697418
735,SL,"Pagan, Emilio",87.18940178082191
736,SL,"Patino, Luis",86.14955428571429
737,SL,"Peacock, Matt",86.95868166666666
738,SL,"Peralta, Wandy",88.42456428571428
739,SL,"Phelps, David",83.69826
740,SL,"Pineda, Michael",81.38351070422536
741,SL,"Pivetta, Nick",85.89565857142858
742,SL,"Plutko, Adam",87.53266357142857
743,SL,"Quintana, Jose",80.5886875
744,SL,"Ramirez, Nick",84.28103125
745,SL,"Rasmussen, Drew",86.59755
746,SL,"Reed, Cody",87.41970599999999
747,SL,"Richards, Garrett",88.01887878787879
748,SL,"Richards, Trevor",84.62440545454545
749,SL,"Rodriguez, Christopher",91.376685
750,SL,"Rodriguez, Eduardo",81.92022
751,SL,"Rodriguez, Joely",86.65842
752,SL,"Rogers, Taylor",84.268325
753,SL,"Rogers, Tyler",71.01712142857143
754,SL,"Rowen, Benjamin",72.10020125
755,SL,"Ruiz, Jose",89.63699000000001
756,SL,"Sadler, Casey",85.099085
757,SL,"Santana, Dennis",87.70384647058825
758,SL,"Santana, Ervin",84.66112111111111
759,SL,"Sawamura, Hirokazu",87.0027935483871
760,SL,"Sborz, Josh",88.82433117647058
761,SL,"Selman, Sam",80.52026875
762,SL,"Senzatela, Antonio",84.67163
763,SL,"Sheffield, Jordan",87.16760000000001
764,SL,"Shoemaker, Matthew",81.98383625000001
765,SL,"Sims, Luke",83.75806800000001
766,SL,"Singer, Brady",84.81338866666667
767,SL,"Smeltzer, Devin",78.2532625
768,SL,"Smith, Caleb",83.57285041666667
769,SL,"Smith, Riley",82.7498175
770,SL,"Snell, Blake",87.31142584615385
771,SL,"Soria, Joakim",80.361785
772,SL,"Springs, Jeffrey",82.65912285714286
773,SL,"Stammen, Craig",88.71699625
774,SL,"Stashak, Cody",82.43173684210527
775,SL,"Steckenrider, Drew",80.53444862068966
776,SL,"Stephenson, Robert",82.23820428571427
777,SL,"Strickland, Hunter",85.7981916
778,SL,"Sulser, Cole",85.76365
779,SL,"Swarzak, Anthony",85.87945
780,SL,"Taylor, Josh",86.06091969230769
781,SL,"Thielbar, Caleb",80.159672
782,SL,"Thompson, Ryan",78.04940807692307
783,SL,"Treinen, Blake",87.0446775
784,SL,"Underwood Jr., Duane",85.184635
785,SL,"Valdez, Phillips",81.996718
786,SL,"Vest, Will",85.57866352941176
787,SL,"Wacha, Michael",86.40076
788,SL,"Waddell, Brandon",86.04071545454545
789,SL,"Watson, Tony",81.475134
790,SL,"Weathers, Ryan",86.84059414634146
791,SL,"Wells, Tyler",86.77838714285714
792,SL,"Whitlock, Garrett",80.721045
793,SL,"Widener, Taylor",84.82137333333334
794,SL,"Williams, Taylor",86.04706350000001
795,SL,"Wisler, Matthew",82.21610461538461
796,SL,"Yarbrough, Ryan",71.20631618181818
797,SL,"Yardley, Eric",73.149145
798,SL,"Zimmermann, Bruce",86.15644214285714
799,SL,"Zuber, Tyler",85.2987157142857
